{"cameraMode":{"drawMode":0,"name":"Shaded","section":"Shading Mode"},"sceneLighting":true,"audioPlay":false,"sceneViewState":{"showFog":true,"showMaterialUpdate":false,"showSkybox":true,"showFlares":true,"showImageEffects":true,"showParticleSystems":true},"in2DMode":false,"pivot":{"x":-3.613971710205078,"y":-0.24609375,"z":0.08056640625},"rotation":{"x":0.5915626287460327,"y":-0.0029039205983281137,"z":0.00213069561868906,"w":0.806252121925354},"size":9.316678047180176,"orthographic":true}